<annotation>
	<folder>Image</folder>
	<filename>image4.jpg</filename>
	<path>D:\images\Image\image4.jpg</path>
	<source>
		<database>Unknown</database>
	</source>
	<size>
		<width>833</width>
		<height>467</height>
		<depth>3</depth>
	</size>
	<segmented>0</segmented>
	<object>
		<name>Schwelle</name>
		<pose>Unspecified</pose>
		<truncated>0</truncated>
		<difficult>0</difficult>
		<bndbox>
			<xmin>526</xmin>
			<ymin>278</ymin>
			<xmax>652</xmax>
			<ymax>312</ymax>
		</bndbox>
	</object>
	<object>
		<name>PAPI</name>
		<pose>Unspecified</pose>
		<truncated>0</truncated>
		<difficult>0</difficult>
		<bndbox>
			<xmin>541</xmin>
			<ymin>253</ymin>
			<xmax>564</xmax>
			<ymax>268</ymax>
		</bndbox>
	</object>
	<object>
		<name>Endpoint</name>
		<pose>Unspecified</pose>
		<truncated>0</truncated>
		<difficult>0</difficult>
		<bndbox>
			<xmin>587</xmin>
			<ymin>246</ymin>
			<xmax>610</xmax>
			<ymax>253</ymax>
		</bndbox>
	</object>
</annotation>
