<annotation>
	<folder>Image</folder>
	<filename>image12.jpg</filename>
	<path>D:\images\Image\image12.jpg</path>
	<source>
		<database>Unknown</database>
	</source>
	<size>
		<width>1280</width>
		<height>720</height>
		<depth>3</depth>
	</size>
	<segmented>0</segmented>
	<object>
		<name>PAPI</name>
		<pose>Unspecified</pose>
		<truncated>0</truncated>
		<difficult>0</difficult>
		<bndbox>
			<xmin>369</xmin>
			<ymin>447</ymin>
			<xmax>487</xmax>
			<ymax>481</ymax>
		</bndbox>
	</object>
	<object>
		<name>PAPI</name>
		<pose>Unspecified</pose>
		<truncated>0</truncated>
		<difficult>0</difficult>
		<bndbox>
			<xmin>768</xmin>
			<ymin>459</ymin>
			<xmax>876</xmax>
			<ymax>488</ymax>
		</bndbox>
	</object>
	<object>
		<name>Endpoint</name>
		<pose>Unspecified</pose>
		<truncated>0</truncated>
		<difficult>0</difficult>
		<bndbox>
			<xmin>592</xmin>
			<ymin>385</ymin>
			<xmax>651</xmax>
			<ymax>403</ymax>
		</bndbox>
	</object>
</annotation>
