<annotation>
	<folder>Image</folder>
	<filename>image10.jpg</filename>
	<path>D:\images\Image\image10.jpg</path>
	<source>
		<database>Unknown</database>
	</source>
	<size>
		<width>1280</width>
		<height>720</height>
		<depth>3</depth>
	</size>
	<segmented>0</segmented>
	<object>
		<name>Schwelle</name>
		<pose>Unspecified</pose>
		<truncated>0</truncated>
		<difficult>0</difficult>
		<bndbox>
			<xmin>687</xmin>
			<ymin>283</ymin>
			<xmax>839</xmax>
			<ymax>301</ymax>
		</bndbox>
	</object>
	<object>
		<name>PAPI</name>
		<pose>Unspecified</pose>
		<truncated>0</truncated>
		<difficult>0</difficult>
		<bndbox>
			<xmin>707</xmin>
			<ymin>240</ymin>
			<xmax>737</xmax>
			<ymax>253</ymax>
		</bndbox>
	</object>
	<object>
		<name>Endpoint</name>
		<pose>Unspecified</pose>
		<truncated>0</truncated>
		<difficult>0</difficult>
		<bndbox>
			<xmin>750</xmin>
			<ymin>220</ymin>
			<xmax>779</xmax>
			<ymax>226</ymax>
		</bndbox>
	</object>
</annotation>
