<annotation>
	<folder>Image</folder>
	<filename>image8.jpg</filename>
	<path>D:\images\Image\image8.jpg</path>
	<source>
		<database>Unknown</database>
	</source>
	<size>
		<width>730</width>
		<height>400</height>
		<depth>3</depth>
	</size>
	<segmented>0</segmented>
	<object>
		<name>Schwelle</name>
		<pose>Unspecified</pose>
		<truncated>0</truncated>
		<difficult>0</difficult>
		<bndbox>
			<xmin>297</xmin>
			<ymin>254</ymin>
			<xmax>442</xmax>
			<ymax>266</ymax>
		</bndbox>
	</object>
	<object>
		<name>PAPI</name>
		<pose>Unspecified</pose>
		<truncated>0</truncated>
		<difficult>0</difficult>
		<bndbox>
			<xmin>298</xmin>
			<ymin>217</ymin>
			<xmax>337</xmax>
			<ymax>230</ymax>
		</bndbox>
	</object>
	<object>
		<name>PAPI</name>
		<pose>Unspecified</pose>
		<truncated>0</truncated>
		<difficult>0</difficult>
		<bndbox>
			<xmin>402</xmin>
			<ymin>217</ymin>
			<xmax>444</xmax>
			<ymax>230</ymax>
		</bndbox>
	</object>
	<object>
		<name>Endpoint</name>
		<pose>Unspecified</pose>
		<truncated>0</truncated>
		<difficult>0</difficult>
		<bndbox>
			<xmin>356</xmin>
			<ymin>191</ymin>
			<xmax>385</xmax>
			<ymax>197</ymax>
		</bndbox>
	</object>
</annotation>
