<annotation>
	<folder>Image</folder>
	<filename>image1.jpg</filename>
	<path>D:\images\Image\image1.jpg</path>
	<source>
		<database>Unknown</database>
	</source>
	<size>
		<width>500</width>
		<height>375</height>
		<depth>3</depth>
	</size>
	<segmented>0</segmented>
	<object>
		<name>Schwelle</name>
		<pose>Unspecified</pose>
		<truncated>0</truncated>
		<difficult>0</difficult>
		<bndbox>
			<xmin>143</xmin>
			<ymin>210</ymin>
			<xmax>353</xmax>
			<ymax>240</ymax>
		</bndbox>
	</object>
	<object>
		<name>PAPI</name>
		<pose>Unspecified</pose>
		<truncated>0</truncated>
		<difficult>0</difficult>
		<bndbox>
			<xmin>186</xmin>
			<ymin>159</ymin>
			<xmax>214</xmax>
			<ymax>166</ymax>
		</bndbox>
	</object>
	<object>
		<name>Endpoint</name>
		<pose>Unspecified</pose>
		<truncated>0</truncated>
		<difficult>0</difficult>
		<bndbox>
			<xmin>240</xmin>
			<ymin>147</ymin>
			<xmax>256</xmax>
			<ymax>152</ymax>
		</bndbox>
	</object>
</annotation>
